,PassengerId,Survived,SibSp,Parch,Cabin_NO,Cabin_YES,Embarked_C,Embarked_Q,Embarked_S,Sex_female,Sex_male,Pclass_1,Pclass_2,Pclass_3,Age_scaled,Fare_scaled
0,1,0,1,0,1,0,0,0,1,0,1,0,0,1,-0.5303766406838785,-0.5189778652472694
1,2,1,1,0,0,1,1,0,0,1,0,1,0,0,0.571830994003175,0.6918967500566985
2,3,1,0,0,1,0,0,0,1,1,0,0,0,1,-0.25482473201211503,-0.5062135634647565
3,4,1,1,0,0,1,0,0,1,1,0,1,0,0,0.36516706249935255,0.34804915212786086
4,5,0,0,0,1,0,0,0,1,0,1,0,0,1,0.36516706249935255,-0.5038498038754023
6,7,0,0,0,0,1,0,0,1,0,1,1,0,0,1.6740386286902287,0.32464793219325394
7,8,0,3,1,1,0,0,0,1,0,1,0,0,1,-1.9081361840426954,-0.257546054664692
8,9,1,0,2,1,0,0,0,1,1,0,0,0,1,-0.1859367548441742,-0.4455443643405553
9,10,1,1,0,1,0,1,0,0,1,0,0,1,0,-1.0814804580274051,-0.08743478655338999
10,11,1,1,1,0,1,0,0,1,1,0,0,0,1,-1.7703602297068137,-0.3402776402920899
11,12,1,0,0,0,1,0,0,1,1,0,1,0,0,1.949590537361992,-0.15401338465097683
12,13,0,0,0,1,0,0,0,1,0,1,0,0,1,-0.6681525950197601,-0.5038498038754023
13,14,0,1,5,1,0,0,0,1,0,1,0,0,1,0.6407189711711159,-0.06466327217338712
14,15,0,0,0,1,0,0,0,1,1,0,0,0,1,-1.0814804580274051,-0.5075523968961668
15,16,1,0,0,1,0,0,0,1,1,0,0,1,0,1.7429266058581694,-0.35351469399247354
16,17,0,4,1,1,0,0,1,0,0,1,0,0,1,-1.9081361840426954,-0.10531993711027979
18,19,0,1,0,1,0,0,0,1,1,0,0,0,1,0.08961515382758917,-0.31569454056280594
20,21,0,0,0,1,0,0,0,1,0,1,0,1,0,0.36516706249935255,-0.16441392684413544
21,22,1,0,0,0,1,0,0,1,0,1,0,1,0,0.2962790853314117,-0.410244924136975
22,23,1,0,0,1,0,0,1,0,1,0,0,0,1,-1.0125924808594644,-0.504243133471071
23,24,1,0,0,0,1,0,0,1,0,1,1,0,0,-0.11704877767623337,0.015231801946785766
24,25,0,3,1,1,0,0,0,1,1,0,0,0,1,-1.4948083210350502,-0.257546054664692
25,26,1,1,5,1,0,0,0,1,1,0,0,0,1,0.571830994003175,-0.0625358885429683
27,28,0,3,2,0,1,0,0,1,0,1,1,0,0,-0.7370405721877009,4.317274254571478
30,31,0,0,0,1,0,1,0,0,0,1,1,0,0,0.7096069483390568,-0.1318734668332494
33,34,0,0,0,1,0,0,0,1,0,1,0,1,0,2.500694354705519,-0.4575201159240595
34,35,0,1,0,1,0,1,0,0,0,1,1,0,0,-0.11704877767623337,0.8977802102894517
35,36,0,1,0,1,0,0,0,1,0,1,1,0,0,0.8473829026749384,0.32724806774154364
37,38,0,0,0,1,0,0,0,1,0,1,0,0,1,-0.5992646178518193,-0.5038498038754023
38,39,0,2,0,1,0,0,0,1,1,0,0,0,1,-0.8059285493556418,-0.31569454056280594
39,40,1,1,0,1,0,1,0,0,1,0,0,0,1,-1.0814804580274051,-0.4434945120246673
40,41,0,1,0,1,0,0,0,1,1,0,0,0,1,0.7096069483390568,-0.47690294455676413
41,42,0,1,0,1,0,0,0,1,1,0,0,1,0,-0.1859367548441742,-0.2589643104183045
43,44,1,1,2,1,0,1,0,0,1,0,0,1,0,-1.8392482068747544,0.13018994031160347
44,45,1,0,0,1,0,0,1,0,1,0,0,0,1,-0.7370405721877009,-0.5070796449782959
49,50,0,1,0,1,0,0,0,1,1,0,0,0,1,-0.8059285493556418,-0.3194765559057727
50,51,0,4,1,1,0,0,0,1,0,1,0,0,1,-1.5636962982029912,0.09441774819015235
51,52,0,0,0,1,0,0,0,1,0,1,0,0,1,-0.5992646178518193,-0.5085773230541109
52,53,1,1,0,0,1,1,0,0,1,0,1,0,0,1.3295987428505243,0.794879136838012
53,54,1,1,0,1,0,0,0,1,1,0,0,1,0,-0.04816080050829252,-0.16441392684413544
54,55,0,0,1,0,1,1,0,0,0,1,1,0,0,2.431806377537578,0.5159555052942132
56,57,1,0,0,1,0,0,0,1,1,0,0,1,0,-0.5992646178518193,-0.4575201159240595
57,58,0,0,0,1,0,1,0,0,0,1,0,0,1,-0.08260478909226295,-0.519371194842938
58,59,1,1,2,1,0,0,0,1,1,0,0,1,0,-1.7014722525388728,-0.13132129259317626
59,60,0,5,2,1,0,0,0,1,0,1,0,0,1,-1.2881443895312277,0.2308066764958912
60,61,0,0,0,1,0,1,0,0,0,1,0,0,1,-0.5303766406838785,-0.519371194842938
61,62,1,0,0,0,1,0,0,0,1,0,1,0,0,0.571830994003175,0.8567302157568903
62,63,0,1,0,0,1,0,0,1,0,1,1,0,0,1.054046834178761,0.9224427323409378
63,64,0,3,2,1,0,0,0,1,0,1,0,0,1,-1.7703602297068137,-0.12848478108595124
66,67,1,0,0,0,1,0,0,1,1,0,0,1,0,-0.04816080050829252,-0.4575201159240595
67,68,0,0,0,1,0,0,0,1,0,1,0,0,1,-0.7370405721877009,-0.5018018425671859
68,69,1,4,2,1,0,0,0,1,1,0,0,0,1,-0.8748165265235827,-0.5062135634647565
69,70,0,2,0,1,0,0,0,1,0,1,0,0,1,-0.25482473201211503,-0.49226738188756664
70,71,0,0,0,1,0,0,0,1,0,1,0,1,0,0.15850313099553,-0.4575201159240595
71,72,0,5,2,1,0,0,0,1,1,0,0,0,1,-0.9437045036915235,0.2308066764958912
72,73,0,0,0,1,0,0,0,1,0,1,0,1,0,-0.5992646178518193,0.7338147171104706
73,74,0,1,0,1,0,1,0,0,0,1,0,0,1,-0.25482473201211503,-0.3827458905782637
74,75,1,0,0,1,0,0,0,1,0,1,0,0,1,0.15850313099553,0.41226399063609354
75,76,0,0,0,0,1,0,0,1,0,1,0,0,1,-0.3237127091800559,-0.5114138345613359
78,79,1,0,2,1,0,0,0,1,0,1,0,1,0,-1.9887351173291863,-0.10768369669963401
79,80,1,0,0,1,0,0,0,1,1,0,0,0,1,0.020727176659648322,-0.4201727144122627
80,81,0,0,0,1,0,0,0,1,0,1,0,0,1,-0.5303766406838785,-0.48588523099631026
81,82,1,0,0,1,0,0,0,1,0,1,0,0,1,-0.04816080050829252,-0.47643019263889336
83,84,0,0,0,1,0,0,0,1,0,1,1,0,0,-0.11704877767623337,0.234588691838858
84,85,1,0,0,1,0,0,0,1,1,0,0,1,0,-0.8748165265235827,-0.4575201159240595
85,86,1,3,0,1,0,0,0,1,1,0,0,0,1,0.22739110816347086,-0.3563512054996986
86,87,0,1,3,1,0,0,0,1,0,1,0,0,1,-0.9437045036915235,-0.006042034357402272
88,89,1,3,2,0,1,0,0,1,1,0,1,0,0,-0.4614886635159376,4.317274254571478
89,90,0,0,0,1,0,0,0,1,0,1,0,0,1,-0.3926006863479967,-0.5038498038754023
90,91,0,0,0,1,0,0,0,1,0,1,0,0,1,-0.04816080050829252,-0.5038498038754023
91,92,0,0,0,1,0,0,0,1,0,1,0,0,1,-0.6681525950197601,-0.5075523968961668
92,93,0,1,0,0,1,0,0,1,0,1,1,0,0,1.122934811346702,0.5007480216001439
93,94,0,1,2,1,0,0,0,1,0,1,0,0,1,-0.25482473201211503,-0.2670010930221089
94,95,0,0,0,1,0,0,0,1,0,1,0,0,1,2.018478514529933,-0.5189778652472694
96,97,0,0,0,0,1,1,0,0,0,1,1,0,0,2.845134240545223,-0.0007623409386206146
97,98,1,0,1,0,1,1,0,0,0,1,1,0,0,-0.4614886635159376,0.5420343920916405
98,99,1,0,1,1,0,0,0,1,1,0,0,1,0,0.2962790853314117,-0.22114415698863688
99,100,0,1,0,1,0,0,0,1,0,1,0,1,0,0.2962790853314117,-0.16441392684413544
100,101,0,0,0,1,0,0,0,1,1,0,0,0,1,-0.11704877767623337,-0.5067657377048297
102,103,0,0,1,0,1,0,0,1,0,1,1,0,0,-0.5992646178518193,0.8054366326679036
103,104,0,0,0,1,0,0,0,1,0,1,0,0,1,0.22739110816347086,-0.49242433552429976
104,105,0,2,0,1,0,0,0,1,0,1,0,0,1,0.5029430168352342,-0.5062135634647565
105,106,0,0,0,1,0,0,0,1,0,1,0,0,1,-0.11704877767623337,-0.5067657377048297
106,107,1,0,0,1,0,0,0,1,1,0,0,0,1,-0.5992646178518193,-0.5114138345613359
108,109,0,0,0,1,0,0,0,1,0,1,0,0,1,0.571830994003175,-0.5067657377048297
110,111,0,0,0,0,1,0,0,1,0,1,1,0,0,1.1918227885146426,0.32724806774154364
111,112,0,1,0,1,0,1,0,0,1,0,0,0,1,-1.0470364694434349,-0.3827458905782637
112,113,0,0,0,1,0,0,0,1,0,1,0,0,1,-0.5303766406838785,-0.5038498038754023
113,114,0,1,0,1,0,0,0,1,1,0,0,0,1,-0.6681525950197601,-0.47028441770657237
114,115,0,0,0,1,0,1,0,0,1,0,0,0,1,-0.8748165265235827,-0.3826683592637328
115,116,0,0,0,1,0,0,0,1,0,1,0,0,1,-0.5992646178518193,-0.5062135634647565
116,117,0,0,0,1,0,0,1,0,0,1,0,0,1,2.8106902519612524,-0.5095228268898525
117,118,0,1,0,1,0,0,0,1,0,1,0,1,0,-0.04816080050829252,-0.2589643104183045
118,119,0,0,1,0,1,1,0,0,0,1,1,0,0,-0.3926006863479967,4.024561395087223
119,120,0,4,2,1,0,0,0,1,1,0,0,0,1,-1.9081361840426954,-0.06466327217338712
120,121,0,2,0,1,0,0,0,1,0,1,0,1,0,-0.5992646178518193,0.7338147171104706
122,123,0,1,0,1,0,1,0,0,0,1,0,1,0,0.19294711957950042,-0.08743478655338999
123,124,1,0,0,0,1,0,0,1,1,0,0,1,0,0.19294711957950042,-0.410244924136975
124,125,0,0,1,0,1,0,0,1,0,1,1,0,0,1.6740386286902287,0.8054366326679036
125,126,1,1,0,1,0,1,0,0,0,1,0,0,1,-1.219256412363287,-0.4434945120246673
127,128,1,0,0,1,0,0,0,1,0,1,0,0,1,-0.3926006863479967,-0.5210258265554859
129,130,0,0,0,1,0,0,0,1,0,1,0,0,1,1.054046834178761,-0.5241781363438487
130,131,0,0,0,1,0,1,0,0,0,1,0,0,1,0.22739110816347086,-0.5067657377048297
131,132,0,0,0,1,0,0,0,1,0,1,0,0,1,-0.6681525950197601,-0.5227598805902361
132,133,0,1,0,1,0,0,0,1,1,0,0,0,1,1.1918227885146426,-0.3818798090647243
133,134,1,1,0,1,0,0,0,1,1,0,0,1,0,-0.04816080050829252,-0.16441392684413544
134,135,0,0,0,1,0,0,0,1,0,1,0,1,0,-0.3237127091800559,-0.410244924136975
135,136,0,0,0,1,0,1,0,0,0,1,0,1,0,-0.4614886635159376,-0.371558689193768
136,137,1,0,2,0,1,0,0,1,1,0,1,0,0,-0.7370405721877009,-0.159056702110823
137,138,0,1,0,0,1,0,0,1,0,1,1,0,0,0.5029430168352342,0.34804915212786086
138,139,0,0,0,1,0,0,0,1,0,1,0,0,1,-0.9437045036915235,-0.48178741737220576
139,140,0,0,0,0,1,1,0,0,0,1,1,0,0,-0.3926006863479967,0.8416021543850234
141,142,1,0,0,1,0,0,0,1,1,0,0,0,1,-0.5303766406838785,-0.5095228268898525
142,143,1,1,0,1,0,0,0,1,1,0,0,0,1,-0.3926006863479967,-0.3563512054996986
143,144,0,0,0,1,0,0,1,0,0,1,0,0,1,-0.7370405721877009,-0.5284329036046863
144,145,0,0,0,1,0,0,0,1,0,1,0,1,0,-0.8059285493556418,-0.4386100392092257
145,146,0,1,1,1,0,0,0,1,0,1,0,1,0,-0.7370405721877009,0.03886939784032803
146,147,1,0,0,1,0,0,0,1,0,1,0,0,1,-0.1859367548441742,-0.5086567453763131
147,148,0,2,2,1,0,0,0,1,1,0,0,0,1,-1.4259203438671093,-0.006042034357402272
148,149,0,0,2,0,1,0,0,1,0,1,0,1,0,0.4684990282512638,-0.16441392684413544
149,150,0,0,0,1,0,0,0,1,0,1,0,1,0,0.8473829026749384,-0.410244924136975
150,151,0,0,0,1,0,0,0,1,0,1,0,1,0,1.4673746971864061,-0.41922721057652107
151,152,1,1,0,0,1,0,0,1,1,0,1,0,0,-0.5303766406838785,0.6033351877781172
152,153,0,0,0,1,0,0,0,1,0,1,0,0,1,1.7773705944421399,-0.5038498038754023
153,154,0,0,2,1,0,0,0,1,0,1,0,0,1,0.7440509369230272,-0.3818798090647243
155,156,0,0,1,1,0,1,0,0,0,1,1,0,0,1.4673746971864061,0.5046094592653129
156,157,1,0,0,1,0,0,1,0,1,0,0,0,1,-0.9437045036915235,-0.5098386251709902
157,158,0,0,0,1,0,0,0,1,0,1,0,0,1,0.020727176659648322,-0.5038498038754023
160,161,0,0,1,1,0,0,0,1,0,1,0,0,1,0.9851588570108202,-0.35162368632099017
161,162,1,0,0,1,0,0,0,1,1,0,0,1,0,0.7096069483390568,-0.358242213171182
162,163,0,0,0,1,0,0,0,1,0,1,0,0,1,-0.25482473201211503,-0.5090500749719817
163,164,0,0,0,1,0,0,0,1,0,1,0,0,1,-0.8748165265235827,-0.49226738188756664
164,165,0,4,1,1,0,0,0,1,0,1,0,0,1,-1.977024161210636,0.09441774819015235
165,166,1,0,2,1,0,0,0,1,0,1,0,0,1,-1.4259203438671093,-0.2679465968578506
167,168,0,1,4,1,0,0,0,1,1,0,0,0,1,1.054046834178761,-0.12848478108595124
169,170,0,0,0,1,0,0,0,1,0,1,0,0,1,-0.11704877767623337,0.41226399063609354
170,171,0,0,0,0,1,0,0,1,0,1,1,0,0,2.1562544688658143,-0.022588351482881856
171,172,0,4,1,1,0,0,1,0,0,1,0,0,1,-1.7703602297068137,-0.10531993711027979
172,173,1,1,1,1,0,0,0,1,1,0,0,0,1,-1.977024161210636,-0.4455443643405553
173,174,0,0,0,1,0,0,0,1,0,1,0,0,1,-0.5992646178518193,-0.5062135634647565
174,175,0,0,0,0,1,1,0,0,0,1,1,0,0,1.8118145830261103,-0.07561598860661886
175,176,0,1,1,1,0,0,0,1,0,1,0,0,1,-0.8059285493556418,-0.5075523968961668
177,178,0,0,0,0,1,1,0,0,1,0,1,0,0,1.3984867200184652,-0.11312034375514876
178,179,0,0,0,1,0,0,0,1,0,1,0,1,0,0.020727176659648322,-0.410244924136975
179,180,0,0,0,1,0,0,0,1,0,1,0,0,1,0.43405503966729336,-0.6560759214298145
182,183,0,4,2,1,0,0,0,1,0,1,0,0,1,-1.4259203438671093,-0.0625358885429683
183,184,1,2,1,0,1,0,0,1,0,1,0,1,0,-1.977024161210636,0.08141707044870411
184,185,1,0,2,1,0,0,0,1,1,0,0,0,1,-1.7703602297068137,-0.23958148178559988
187,188,1,0,0,1,0,0,0,1,0,1,1,0,0,1.054046834178761,-0.15401338465097683
188,189,0,1,1,1,0,0,1,0,0,1,0,0,1,0.7096069483390568,-0.3629697323498905
189,190,0,0,0,1,0,0,0,1,0,1,0,0,1,0.43405503966729336,-0.5067657377048297
190,191,1,0,0,1,0,0,0,1,1,0,0,1,0,0.15850313099553,-0.410244924136975
191,192,0,0,0,1,0,0,0,1,0,1,0,1,0,-0.7370405721877009,-0.410244924136975
192,193,1,1,0,1,0,0,0,1,1,0,0,0,1,-0.7370405721877009,-0.5075523968961668
193,194,1,1,1,0,1,0,0,1,0,1,0,1,0,-1.8392482068747544,-0.16441392684413544
194,195,1,0,0,0,1,1,0,0,1,0,1,0,0,0.9851588570108202,-0.1318734668332494
195,196,1,0,0,0,1,1,0,0,1,0,1,0,0,1.949590537361992,2.1146436468890077
197,198,0,0,1,1,0,0,0,1,0,1,0,0,1,0.8473829026749384,-0.49715185470300827
199,200,0,0,0,1,0,0,0,1,1,0,0,1,0,-0.3926006863479967,-0.410244924136975
200,201,0,0,0,1,0,0,0,1,0,1,0,0,1,-0.11704877767623337,-0.47643019263889336
202,203,0,0,0,1,0,0,0,1,0,1,0,0,1,0.2962790853314117,-0.5332398451055971
203,204,0,0,0,1,0,1,0,0,0,1,0,0,1,1.0884908227627315,-0.5194506171651402
204,205,1,0,0,1,0,0,0,1,0,1,0,0,1,-0.8059285493556418,-0.5038498038754023
205,206,0,0,1,0,1,0,0,1,1,0,0,0,1,-1.9081361840426954,-0.4582292438008658
206,207,0,1,0,1,0,0,0,1,0,1,0,0,1,0.15850313099553,-0.3563512054996986
207,208,1,0,0,1,0,1,0,0,0,1,0,0,1,-0.25482473201211503,-0.30080285514987426
208,209,1,0,0,1,0,0,1,0,1,0,0,0,1,-0.9437045036915235,-0.5095228268898525
209,210,1,0,0,0,1,1,0,0,0,1,1,0,0,0.7096069483390568,-0.06986354326996638
210,211,0,0,0,1,0,0,0,1,0,1,0,0,1,-0.3926006863479967,-0.5227598805902361
211,212,1,0,0,1,0,0,0,1,1,0,0,1,0,0.36516706249935255,-0.2589643104183045
212,213,0,0,0,1,0,0,0,1,0,1,0,0,1,-0.5303766406838785,-0.5189778652472694
213,214,0,0,0,1,0,0,0,1,0,1,0,1,0,0.020727176659648322,-0.410244924136975
215,216,1,1,0,0,1,1,0,0,1,0,1,0,0,0.08961515382758917,1.4859630184429855
216,217,1,0,0,1,0,0,0,1,1,0,0,0,1,-0.1859367548441742,-0.5062135634647565
217,218,0,1,0,1,0,0,0,1,0,1,0,1,0,0.8473829026749384,-0.14550385012930164
218,219,1,0,0,0,1,1,0,0,1,0,1,0,0,0.15850313099553,0.7866059782752722
219,220,0,0,0,1,0,0,0,1,0,1,0,1,0,0.020727176659648322,-0.4575201159240595
220,221,1,0,0,1,0,0,0,1,0,1,0,0,1,-0.9437045036915235,-0.5038498038754023
221,222,0,0,0,1,0,0,0,1,0,1,0,1,0,-0.1859367548441742,-0.410244924136975
222,223,0,0,0,1,0,0,0,1,0,1,0,0,1,1.4673746971864061,-0.5038498038754023
224,225,1,1,0,0,1,0,0,1,0,1,1,0,0,0.571830994003175,1.0458309829052286
225,226,0,0,0,1,0,0,0,1,0,1,0,0,1,-0.5303766406838785,-0.4792667041461184
226,227,1,0,0,1,0,0,0,1,0,1,0,1,0,-0.7370405721877009,-0.4575201159240595
227,228,0,0,0,1,0,0,0,1,0,1,0,0,1,-0.6337086064357897,-0.5189778652472694
228,229,0,0,0,1,0,0,0,1,0,1,0,1,0,-0.8059285493556418,-0.410244924136975
230,231,1,1,0,0,1,0,0,1,1,0,1,0,0,0.36516706249935255,0.9224427323409378
231,232,0,0,0,1,0,0,0,1,0,1,0,0,1,-0.04816080050829252,-0.5090500749719817
232,233,0,0,0,1,0,0,0,1,0,1,0,1,0,2.018478514529933,-0.4007898857795581
233,234,1,4,2,1,0,0,0,1,1,0,0,0,1,-1.7014722525388728,-0.0625358885429683
234,235,0,0,0,1,0,0,0,1,0,1,0,1,0,-0.3926006863479967,-0.4575201159240595
236,237,0,1,0,1,0,0,0,1,0,1,0,1,0,0.9851588570108202,-0.16441392684413544
237,238,1,0,2,1,0,0,0,1,1,0,0,1,0,-1.4948083210350502,-0.159686407665427
238,239,0,0,0,1,0,0,0,1,0,1,0,1,0,-0.7370405721877009,-0.4575201159240595
239,240,0,0,0,1,0,0,0,1,0,1,0,1,0,0.22739110816347086,-0.4239547297552295
242,243,0,0,0,1,0,0,0,1,0,1,0,1,0,-0.04816080050829252,-0.4575201159240595
243,244,0,0,0,1,0,0,0,1,0,1,0,0,1,-0.5303766406838785,-0.5213416248366236
244,245,0,0,0,1,0,1,0,0,0,1,0,0,1,0.020727176659648322,-0.5194506171651402
245,246,0,2,0,0,1,0,1,0,0,1,1,0,0,0.9851588570108202,1.0458309829052286
246,247,0,0,0,1,0,0,0,1,1,0,0,0,1,-0.3237127091800559,-0.5090500749719817
247,248,1,0,2,1,0,0,0,1,1,0,0,1,0,-0.3926006863479967,-0.3818798090647243
248,249,1,1,1,0,1,0,0,1,0,1,1,0,0,0.5029430168352342,0.33772803225690456
249,250,0,1,0,1,0,0,0,1,0,1,0,1,0,1.6740386286902287,-0.16441392684413544
251,252,0,1,1,0,1,0,0,1,1,0,0,0,1,-0.04816080050829252,-0.4582292438008658
252,253,0,0,0,0,1,0,0,1,0,1,1,0,0,2.225142446033755,-0.15401338465097683
253,254,0,1,0,1,0,0,0,1,0,1,0,0,1,0.020727176659648322,-0.35162368632099017
254,255,0,0,2,1,0,0,0,1,1,0,0,0,1,0.7784949255069976,-0.27385599583123615
255,256,1,0,2,1,0,1,0,0,1,0,0,0,1,-0.04816080050829252,-0.36777667385080126
257,258,1,0,0,0,1,0,0,1,1,0,1,0,0,0.020727176659648322,0.9796457144033102
258,259,1,0,0,1,0,1,0,0,1,0,1,0,0,0.36516706249935255,9.03210855381962
259,260,1,0,1,1,0,0,0,1,1,0,0,1,0,1.3984867200184652,-0.16441392684413544
261,262,1,4,2,1,0,0,0,1,0,1,0,0,1,-1.8392482068747544,-0.0625358885429683
262,263,0,1,1,0,1,0,0,1,0,1,1,0,0,1.5362626743543468,0.8501116889066986
263,264,0,0,0,0,1,0,0,1,0,1,1,0,0,0.7096069483390568,-0.6560759214298145
265,266,0,0,0,1,0,0,0,1,0,1,0,1,0,0.43405503966729336,-0.4575201159240595
266,267,0,4,1,1,0,0,0,1,0,1,0,0,1,-0.9437045036915235,0.09441774819015235
267,268,1,1,0,1,0,0,0,1,0,1,0,0,1,-0.3237127091800559,-0.5090500749719817
268,269,1,0,1,0,1,0,0,1,1,0,1,0,0,1.949590537361992,2.245911726420369
269,270,1,0,0,0,1,0,0,1,1,0,1,0,0,0.36516706249935255,1.908760186656254
271,272,1,0,0,1,0,0,0,1,0,1,0,0,1,-0.3237127091800559,-0.6560759214298145
272,273,1,0,1,1,0,0,0,1,1,0,0,1,0,0.7784949255069976,-0.28732942549055523
273,274,0,0,1,0,1,1,0,0,0,1,1,0,0,0.5029430168352342,-0.09444664299925036
275,276,1,1,0,0,1,0,0,1,1,0,1,0,0,2.294030423201696,0.818121512128214
276,277,0,0,0,1,0,0,0,1,1,0,0,0,1,1.054046834178761,-0.5095228268898525
278,279,0,4,1,1,0,0,1,0,0,1,0,0,1,-1.5636962982029912,-0.10531993711027979
279,280,1,1,1,1,0,0,0,1,1,0,0,0,1,0.36516706249935255,-0.2731468679544299
280,281,0,0,0,1,0,0,1,0,0,1,0,0,1,2.431806377537578,-0.5095228268898525
281,282,0,0,0,1,0,0,0,1,0,1,0,0,1,-0.11704877767623337,-0.5075523968961668
282,283,0,0,0,1,0,0,0,1,0,1,0,0,1,-0.9437045036915235,-0.47643019263889336
283,284,1,0,0,1,0,0,0,1,0,1,0,0,1,-0.7370405721877009,-0.5038498038754023
285,286,0,0,0,1,0,1,0,0,0,1,0,0,1,0.22739110816347086,-0.49226738188756664
286,287,1,0,0,1,0,0,0,1,0,1,0,0,1,0.020727176659648322,-0.47643019263889336
287,288,0,0,0,1,0,0,0,1,0,1,0,0,1,-0.5303766406838785,-0.5067657377048297
288,289,1,0,0,1,0,0,0,1,0,1,0,1,0,0.8473829026749384,-0.410244924136975
289,290,1,0,0,1,0,0,1,0,1,0,0,0,1,-0.5303766406838785,-0.5095228268898525
290,291,1,0,0,1,0,0,0,1,1,0,1,0,0,-0.25482473201211503,0.8349836275348314
291,292,1,1,0,0,1,1,0,0,1,0,1,0,0,-0.7370405721877009,1.066238737695877
292,293,0,0,0,0,1,1,0,0,0,1,0,1,0,0.43405503966729336,-0.41260868372632925
293,294,0,0,0,1,0,0,0,1,1,0,0,0,1,-0.3926006863479967,-0.4887217425035353
294,295,0,0,0,1,0,0,0,1,0,1,0,0,1,-0.3926006863479967,-0.5067657377048297
296,297,0,0,0,1,0,1,0,0,0,1,0,0,1,-0.4270446749319672,-0.519371194842938
297,298,0,1,2,0,1,0,0,1,1,0,1,0,0,-1.9081361840426954,2.20974620470325
299,300,1,0,1,0,1,1,0,0,1,0,1,0,0,1.3984867200184652,4.024561395087223
302,303,0,0,0,1,0,0,0,1,0,1,0,0,1,-0.7370405721877009,-0.6560759214298145
305,306,1,1,2,0,1,0,0,1,0,1,1,0,0,-1.9825351993840714,2.20974620470325
307,308,1,1,0,0,1,1,0,0,1,0,1,0,0,-0.8748165265235827,1.4032314328155877
308,309,0,1,0,1,0,1,0,0,0,1,0,1,0,0.020727176659648322,-0.20223408027380307
309,310,1,0,0,0,1,1,0,0,1,0,1,0,0,0.020727176659648322,0.42045961788430253
310,311,1,0,0,0,1,1,0,0,1,0,1,0,0,-0.3926006863479967,0.91645391104535
311,312,1,2,2,0,1,1,0,0,1,0,1,0,0,-0.8059285493556418,4.305455456624707
312,313,0,1,1,1,0,0,0,1,1,0,0,1,0,-0.25482473201211503,-0.16441392684413544
313,314,0,0,0,1,0,0,0,1,0,1,0,0,1,-0.11704877767623337,-0.5067657377048297
314,315,0,1,1,1,0,0,0,1,0,1,0,1,0,0.9162708798428792,-0.159686407665427
315,316,1,0,0,1,0,0,0,1,1,0,0,0,1,-0.25482473201211503,-0.5075523968961668
316,317,1,1,0,1,0,0,0,1,1,0,0,1,0,-0.3926006863479967,-0.16441392684413544
317,318,0,0,0,1,0,0,0,1,0,1,0,1,0,1.6740386286902287,-0.3913348474221412
318,319,1,0,2,0,1,0,0,1,1,0,1,0,0,0.08961515382758917,2.461566023291677
319,320,1,1,1,0,1,1,0,0,1,0,1,0,0,0.7096069483390568,1.887329396715333
320,321,0,0,0,1,0,0,0,1,0,1,0,0,1,-0.5303766406838785,-0.5189778652472694
321,322,0,0,0,1,0,0,0,1,0,1,0,0,1,-0.1859367548441742,-0.5067657377048297
322,323,1,0,0,1,0,0,1,0,1,0,0,1,0,0.020727176659648322,-0.4225364740016169
323,324,1,1,1,1,0,0,0,1,1,0,0,1,0,-0.5303766406838785,-0.10768369669963401
325,326,1,0,0,0,1,1,0,0,1,0,1,0,0,0.43405503966729336,1.908760186656254
326,327,0,0,0,1,0,0,0,1,0,1,0,0,1,2.1562544688658143,-0.5381243179210387
327,328,1,0,0,0,1,0,0,1,1,0,0,1,0,0.43405503966729336,-0.410244924136975
328,329,1,1,1,1,0,0,0,1,1,0,0,0,1,0.08961515382758917,-0.2679465968578506
329,330,1,0,1,0,1,1,0,0,1,0,1,0,0,-0.9437045036915235,0.440315198434878
331,332,0,0,0,0,1,0,0,1,0,1,1,0,0,1.0884908227627315,-0.11713873505705091
332,333,0,0,1,0,1,0,0,1,0,1,1,0,0,0.571830994003175,2.245911726420369
333,334,0,2,0,1,0,0,0,1,0,1,0,0,1,-0.9437045036915235,-0.31569454056280594
336,337,0,1,0,0,1,0,0,1,0,1,1,0,0,-0.04816080050829252,0.6033351877781172
337,338,1,0,0,0,1,1,0,0,1,0,1,0,0,0.7784949255069976,1.887329396715333
338,339,1,0,0,1,0,0,0,1,0,1,0,0,1,1.054046834178761,-0.5038498038754023
339,340,0,0,0,0,1,0,0,1,0,1,1,0,0,1.054046834178761,0.015231801946785766
340,341,1,1,1,0,1,0,0,1,0,1,0,1,0,-1.9081361840426954,-0.16441392684413544
341,342,1,3,2,0,1,0,0,1,1,0,1,0,0,-0.3926006863479967,4.317274254571478
342,343,0,0,0,1,0,0,0,1,0,1,0,1,0,-0.11704877767623337,-0.410244924136975
343,344,0,0,0,1,0,0,0,1,0,1,0,1,0,-0.3237127091800559,-0.410244924136975
344,345,0,0,0,1,0,0,0,1,0,1,0,1,0,0.43405503966729336,-0.410244924136975
345,346,1,0,0,0,1,0,0,1,1,0,0,1,0,-0.3926006863479967,-0.410244924136975
346,347,1,0,0,1,0,0,0,1,1,0,0,1,0,0.7096069483390568,-0.410244924136975
348,349,1,1,1,1,0,0,0,1,0,1,0,0,1,-1.8392482068747544,-0.35540570166395696
349,350,0,0,0,1,0,0,0,1,0,1,0,0,1,0.8473829026749384,-0.49226738188756664
350,351,0,0,0,1,0,0,0,1,0,1,0,0,1,-0.4614886635159376,-0.48163046373547264
352,353,0,1,1,1,0,1,0,0,0,1,0,0,1,-1.0125924808594644,-0.519371194842938
353,354,0,1,0,1,0,0,0,1,0,1,0,0,1,-0.3237127091800559,-0.3194765559057727
355,356,0,0,0,1,0,0,0,1,0,1,0,0,1,-0.11704877767623337,-0.47643019263889336
356,357,1,0,1,0,1,0,0,1,1,0,1,0,0,-0.5303766406838785,0.3839782978860451
357,358,0,0,0,1,0,0,0,1,1,0,0,1,0,0.571830994003175,-0.410244924136975
360,361,0,1,4,1,0,0,0,1,0,1,0,0,1,0.7096069483390568,-0.12848478108595124
361,362,0,1,0,1,0,1,0,0,0,1,0,1,0,-0.04816080050829252,-0.1318734668332494
362,363,0,0,1,1,0,1,0,0,1,0,0,0,1,1.054046834178761,-0.3827458905782637
363,364,0,0,0,1,0,0,0,1,0,1,0,0,1,0.36516706249935255,-0.5227598805902361
365,366,0,0,0,1,0,0,0,1,0,1,0,0,1,0.020727176659648322,-0.5189778652472694
366,367,1,1,0,0,1,1,0,0,1,0,1,0,0,2.087366491697874,0.7669073513614297
369,370,1,0,0,0,1,1,0,0,1,0,1,0,0,-0.3926006863479967,0.6543923949081686
370,371,1,1,0,0,1,1,0,0,0,1,1,0,0,-0.3237127091800559,0.39233087877098716
371,372,0,1,0,1,0,0,0,1,0,1,0,0,1,-0.8059285493556418,-0.5332398451055971
372,373,0,0,0,1,0,0,0,1,0,1,0,0,1,-0.7370405721877009,-0.5038498038754023
373,374,0,0,0,1,0,1,0,0,0,1,1,0,0,-0.5303766406838785,1.908760186656254
374,375,0,3,1,1,0,0,0,1,1,0,0,0,1,-1.8392482068747544,-0.257546054664692
376,377,1,0,0,1,0,0,0,1,1,0,0,0,1,-0.5303766406838785,-0.5189778652472694
377,378,0,0,2,0,1,1,0,0,0,1,1,0,0,-0.1859367548441742,3.343405303757537
378,379,0,0,0,1,0,1,0,0,0,1,0,0,1,-0.6681525950197601,-0.5801992386115439
379,380,0,0,0,1,0,0,0,1,0,1,0,0,1,-0.7370405721877009,-0.5090500749719817
380,381,1,0,0,1,0,1,0,0,1,0,1,0,0,0.8473829026749384,3.6464392831127483
381,382,1,0,2,1,0,1,0,0,1,0,0,0,1,-1.977024161210636,-0.3583991668079151
382,383,0,0,0,1,0,0,0,1,0,1,0,0,1,0.15850313099553,-0.5062135634647565
383,384,1,1,0,1,0,0,0,1,1,0,1,0,0,0.36516706249935255,0.32724806774154364
385,386,0,0,0,1,0,0,0,1,0,1,0,1,0,-0.8059285493556418,0.7338147171104706
386,387,0,5,2,1,0,0,0,1,0,1,0,0,1,-1.977024161210636,0.2308066764958912
387,388,1,0,0,1,0,0,0,1,1,0,0,1,0,0.43405503966729336,-0.410244924136975
389,390,1,0,0,1,0,1,0,0,1,0,0,1,0,-0.8748165265235827,-0.4291550008518088
390,391,1,1,2,0,1,0,0,1,0,1,1,0,0,0.43405503966729336,1.6131332843502428
391,392,1,0,0,1,0,0,0,1,0,1,0,0,1,-0.5992646178518193,-0.5086567453763131
392,393,0,2,0,1,0,0,0,1,0,1,0,0,1,-0.11704877767623337,-0.5062135634647565
393,394,1,1,0,0,1,1,0,0,1,0,1,0,0,-0.4614886635159376,1.4859630184429855
394,395,1,0,2,0,1,0,0,1,1,0,0,0,1,-0.3926006863479967,-0.3402776402920899
395,396,0,0,0,1,0,0,0,1,0,1,0,0,1,-0.5303766406838785,-0.5086567453763131
396,397,0,0,0,1,0,0,0,1,1,0,0,0,1,0.08961515382758917,-0.5075523968961668
397,398,0,0,0,1,0,0,0,1,0,1,0,1,0,1.122934811346702,-0.16441392684413544
398,399,0,0,0,1,0,0,0,1,0,1,0,1,0,-0.4614886635159376,-0.4575201159240595
399,400,1,0,0,1,0,0,0,1,1,0,0,1,0,-0.11704877767623337,-0.4168634509871669
400,401,1,0,0,1,0,0,0,1,0,1,0,0,1,0.6407189711711159,-0.5062135634647565
401,402,0,0,0,1,0,0,0,1,0,1,0,0,1,-0.25482473201211503,-0.5038498038754023
402,403,0,1,0,1,0,0,0,1,1,0,0,0,1,-0.5992646178518193,-0.47028441770657237
403,404,0,1,0,1,0,0,0,1,0,1,0,0,1,-0.11704877767623337,-0.3563512054996986
404,405,0,0,0,1,0,0,0,1,1,0,0,0,1,-0.6681525950197601,-0.49226738188756664
405,406,0,1,0,1,0,0,0,1,0,1,0,1,0,0.2962790853314117,-0.2589643104183045
406,407,0,0,0,1,0,0,0,1,0,1,0,0,1,1.4673746971864061,-0.5095228268898525
407,408,1,1,1,1,0,0,0,1,0,1,0,1,0,-1.8392482068747544,-0.3015119830266806
408,409,0,0,0,1,0,0,0,1,0,1,0,0,1,-0.5992646178518193,-0.5090500749719817
412,413,1,1,0,0,1,0,1,0,1,0,1,0,0,0.22739110816347086,1.0458309829052286
414,415,1,0,0,1,0,0,0,1,0,1,0,0,1,0.9851588570108202,-0.5062135634647565
416,417,1,1,1,1,0,0,0,1,1,0,0,1,0,0.2962790853314117,-0.04149842819771567
417,418,1,0,2,1,0,0,0,1,1,0,0,1,0,-0.8059285493556418,-0.410244924136975
418,419,0,0,0,1,0,0,0,1,0,1,0,1,0,0.020727176659648322,-0.410244924136975
419,420,0,0,2,1,0,0,0,1,1,0,0,0,1,-1.3570323666991686,-0.19939756876657802
421,422,0,0,0,1,0,0,1,0,0,1,0,0,1,-0.5992646178518193,-0.5098386251709902
422,423,0,0,0,1,0,0,0,1,0,1,0,0,1,-0.04816080050829252,-0.5071590673004983
423,424,0,1,1,1,0,0,0,1,1,0,0,0,1,-0.11704877767623337,-0.38377081673620766
424,425,0,1,1,1,0,0,0,1,0,1,0,0,1,-0.8059285493556418,-0.27385599583123615
426,427,1,1,0,1,0,0,0,1,1,0,0,1,0,-0.11704877767623337,-0.16441392684413544
427,428,1,0,0,1,0,0,0,1,1,0,0,1,0,-0.7370405721877009,-0.16441392684413544
429,430,1,0,0,0,1,0,0,1,0,1,0,0,1,0.15850313099553,-0.5038498038754023
430,431,1,0,0,0,1,0,0,1,0,1,1,0,0,-0.11704877767623337,-0.15401338465097683
432,433,1,1,0,1,0,0,0,1,1,0,0,1,0,0.8473829026749384,-0.16441392684413544
433,434,0,0,0,1,0,0,0,1,0,1,0,0,1,-0.8748165265235827,-0.5213416248366236
434,435,0,1,0,0,1,0,0,1,0,1,1,0,0,1.3984867200184652,0.4009973669293955
435,436,1,1,2,0,1,0,0,1,1,0,1,0,0,-1.0814804580274051,1.6131332843502428
436,437,0,2,2,1,0,0,0,1,1,0,0,0,1,-0.5992646178518193,-0.006042034357402272
437,438,1,2,3,1,0,0,0,1,1,0,0,1,0,-0.3926006863479967,-0.3015119830266806
438,439,0,1,4,0,1,0,0,1,0,1,1,0,0,2.362918400369637,4.317274254571478
439,440,0,0,0,1,0,0,0,1,0,1,0,1,0,0.08961515382758917,-0.4575201159240595
440,441,1,1,1,1,0,0,0,1,1,0,0,1,0,1.054046834178761,-0.159686407665427
441,442,0,0,0,1,0,0,0,1,0,1,0,0,1,-0.6681525950197601,-0.47643019263889336
442,443,0,1,0,1,0,0,0,1,0,1,0,0,1,-0.3237127091800559,-0.5090500749719817
443,444,1,0,0,1,0,0,0,1,1,0,0,1,0,-0.11704877767623337,-0.410244924136975
445,446,1,0,2,0,1,0,0,1,0,1,1,0,0,-1.7703602297068137,0.891870811316066
446,447,1,0,1,1,0,0,0,1,1,0,0,1,0,-1.150368435195346,-0.28732942549055523
447,448,1,0,0,1,0,0,0,1,0,1,1,0,0,0.2962790853314117,-0.15401338465097683
448,449,1,2,1,1,0,1,0,0,1,0,0,0,1,-1.7014722525388728,-0.29189999103253056
449,450,1,0,0,0,1,0,0,1,0,1,1,0,0,1.5362626743543468,-0.0793185816273833
450,451,0,1,2,1,0,0,0,1,0,1,0,1,0,0.43405503966729336,-0.13132129259317626
452,453,0,0,0,0,1,1,0,0,0,1,1,0,0,0.020727176659648322,-0.13132129259317626
453,454,1,1,0,0,1,1,0,0,0,1,1,0,0,1.3295987428505243,1.0288913361840806
455,456,1,0,0,1,0,1,0,0,0,1,0,0,1,-0.04816080050829252,-0.5067657377048297
456,457,0,0,0,0,1,0,0,1,0,1,1,0,0,2.431806377537578,-0.15401338465097683
458,459,1,0,0,1,0,0,0,1,1,0,0,1,0,1.3984867200184652,-0.4575201159240595
460,461,1,0,0,0,1,0,0,1,0,1,1,0,0,1.2607107656825836,-0.15401338465097683
461,462,0,0,0,1,0,0,0,1,0,1,0,0,1,0.2962790853314117,-0.5038498038754023
462,463,0,0,0,0,1,0,0,1,0,1,1,0,0,1.1918227885146426,0.0719620320912872
463,464,0,0,0,1,0,0,0,1,0,1,0,1,0,1.2607107656825836,-0.410244924136975
465,466,0,0,0,1,0,0,0,1,0,1,0,0,1,0.571830994003175,-0.5227598805902361
467,468,0,0,0,1,0,0,0,1,0,1,1,0,0,1.8118145830261103,-0.15401338465097683
469,470,1,2,1,1,0,1,0,0,1,0,0,0,1,-1.9942461555026214,-0.29189999103253056
471,472,0,0,0,1,0,0,0,1,0,1,0,0,1,0.571830994003175,-0.49226738188756664
472,473,1,1,2,1,0,0,0,1,1,0,0,1,0,0.22739110816347086,-0.13132129259317626
473,474,1,0,0,0,1,1,0,0,1,0,0,1,0,-0.4614886635159376,-0.3952738164018411
474,475,0,0,0,1,0,0,0,1,1,0,0,0,1,-0.5303766406838785,-0.470048041747637
476,477,0,1,0,1,0,0,0,1,0,1,0,1,0,0.2962790853314117,-0.2589643104183045
477,478,0,1,0,1,0,0,0,1,0,1,0,0,1,-0.04816080050829252,-0.5228393029124385
478,479,0,0,0,1,0,0,0,1,0,1,0,0,1,-0.5303766406838785,-0.5138570164728924
479,480,1,0,1,1,0,0,0,1,1,0,0,0,1,-1.9081361840426954,-0.4237183537962941
480,481,0,5,2,1,0,0,0,1,0,1,0,0,1,-1.4259203438671093,0.2308066764958912
482,483,0,0,0,1,0,0,0,1,0,1,0,0,1,1.3984867200184652,-0.5038498038754023
483,484,1,0,0,1,0,0,0,1,1,0,0,0,1,2.294030423201696,-0.47477556092634543
484,485,1,1,0,0,1,1,0,0,0,1,1,0,0,-0.3237127091800559,1.066238737695877
486,487,1,1,0,0,1,0,0,1,1,0,1,0,0,0.36516706249935255,1.0458309829052286
487,488,0,0,0,0,1,1,0,0,0,1,1,0,0,1.949590537361992,-0.09444664299925036
488,489,0,0,0,1,0,0,0,1,0,1,0,0,1,0.020727176659648322,-0.5038498038754023
489,490,1,1,1,1,0,0,0,1,0,1,0,0,1,-1.4259203438671093,-0.35540570166395696
491,492,0,0,0,1,0,0,0,1,0,1,0,0,1,-0.5992646178518193,-0.5189778652472694
492,493,0,0,0,0,1,0,0,1,0,1,1,0,0,1.7429266058581694,-0.0793185816273833
493,494,0,0,0,1,0,1,0,0,0,1,1,0,0,2.845134240545223,0.2800522982766614
494,495,0,0,0,1,0,0,0,1,0,1,0,0,1,-0.5992646178518193,-0.5038498038754023
496,497,1,1,0,0,1,1,0,0,1,0,1,0,0,1.6740386286902287,0.823953379787069
498,499,0,1,2,0,1,0,0,1,1,0,1,0,0,-0.3237127091800559,2.20974620470325
499,500,0,0,0,1,0,0,0,1,0,1,0,0,1,-0.3926006863479967,-0.5086567453763131
500,501,0,0,0,1,0,0,0,1,0,1,0,0,1,-0.8748165265235827,-0.49226738188756664
501,502,0,0,0,1,0,0,1,0,1,0,0,0,1,-0.5992646178518193,-0.5095228268898525
503,504,0,0,0,1,0,0,0,1,1,0,0,0,1,0.5029430168352342,-0.47477556092634543
504,505,1,0,0,0,1,0,0,1,1,0,1,0,0,-0.9437045036915235,0.9796457144033102
505,506,0,1,0,0,1,1,0,0,0,1,1,0,0,-0.8059285493556418,1.4032314328155877
506,507,1,0,2,1,0,0,0,1,1,0,0,1,0,0.22739110816347086,-0.16441392684413544
508,509,0,0,0,1,0,0,0,1,0,1,0,0,1,-0.11704877767623337,-0.23012644342818298
509,510,1,0,0,1,0,0,0,1,0,1,0,0,1,-0.25482473201211503,0.41226399063609354
510,511,1,0,0,1,0,0,1,0,0,1,0,0,1,-0.04816080050829252,-0.5095228268898525
512,513,1,0,0,0,1,0,0,1,0,1,1,0,0,0.43405503966729336,-0.1589772797886207
513,514,1,1,0,1,0,1,0,0,1,0,1,0,0,1.6740386286902287,0.46718263543131383
514,515,0,0,0,1,0,0,0,1,0,1,0,0,1,-0.3926006863479967,-0.5143297683907633
515,516,0,0,0,0,1,0,0,1,0,1,1,0,0,1.1918227885146426,-0.012739983529796384
516,517,1,0,0,0,1,0,0,1,1,0,0,1,0,0.2962790853314117,-0.4575201159240595
518,519,1,1,0,1,0,0,0,1,1,0,0,1,0,0.43405503966729336,-0.16441392684413544
519,520,0,0,0,1,0,0,0,1,0,1,0,0,1,0.15850313099553,-0.5067657377048297
520,521,1,0,0,0,1,0,0,1,1,0,1,0,0,0.020727176659648322,1.1120162514071468
521,522,0,0,0,1,0,0,0,1,0,1,0,0,1,-0.5303766406838785,-0.5067657377048297
523,524,1,0,1,0,1,1,0,0,1,0,1,0,0,0.9851588570108202,0.440315198434878
525,526,0,0,0,1,0,0,1,0,0,1,0,0,1,0.7440509369230272,-0.5095228268898525
526,527,1,0,0,1,0,0,0,1,1,0,0,1,0,1.3984867200184652,-0.4575201159240595
528,529,0,0,0,1,0,0,0,1,0,1,0,0,1,0.6407189711711159,-0.5062135634647565
529,530,0,2,1,1,0,0,0,1,0,1,0,1,0,-0.4614886635159376,-0.4386100392092257
530,531,1,1,1,1,0,0,0,1,1,0,0,1,0,-1.9081361840426954,-0.16441392684413544
532,533,0,1,1,1,0,1,0,0,0,1,0,0,1,-0.8748165265235827,-0.519371194842938
534,535,0,0,0,1,0,0,0,1,1,0,0,0,1,0.020727176659648322,-0.49226738188756664
535,536,1,0,2,1,0,0,0,1,1,0,0,1,0,-1.5636962982029912,-0.159686407665427
536,537,0,0,0,0,1,0,0,1,0,1,1,0,0,1.054046834178761,-0.15401338465097683
537,538,1,0,0,1,0,1,0,0,1,0,1,0,0,0.020727176659648322,1.3564289929463738
539,540,1,0,2,0,1,1,0,0,1,0,1,0,0,-0.5303766406838785,0.27997287595445913
540,541,1,0,2,0,1,0,0,1,1,0,1,0,0,0.43405503966729336,0.6865395253233861
541,542,0,4,2,1,0,0,0,1,1,0,0,0,1,-1.4259203438671093,-0.06466327217338712
542,543,0,4,2,1,0,0,0,1,1,0,0,0,1,-1.2881443895312277,-0.06466327217338712
543,544,1,1,0,1,0,0,0,1,0,1,0,1,0,0.15850313099553,-0.16441392684413544
544,545,0,1,0,0,1,1,0,0,0,1,1,0,0,1.3984867200184652,1.3564289929463738
545,546,0,0,0,1,0,0,0,1,0,1,1,0,0,2.362918400369637,-0.16441392684413544
546,547,1,1,0,1,0,0,0,1,1,0,0,1,0,-0.7370405721877009,-0.16441392684413544
548,549,0,1,1,1,0,0,0,1,0,1,0,0,1,0.22739110816347086,-0.2679465968578506
549,550,1,1,1,1,0,0,0,1,0,1,0,1,0,-1.4948083210350502,0.03886939784032803
550,551,1,0,2,0,1,1,0,0,0,1,1,0,0,-0.8748165265235827,1.4407357879641176
551,552,0,0,0,1,0,0,0,1,0,1,0,1,0,-0.1859367548441742,-0.16441392684413544
553,554,1,0,0,1,0,1,0,0,0,1,0,0,1,-0.5303766406838785,-0.5194506171651402
554,555,1,0,0,1,0,0,0,1,1,0,0,0,1,-0.5303766406838785,-0.5090500749719817
555,556,0,0,0,1,0,0,0,1,0,1,1,0,0,2.225142446033755,-0.15401338465097683
556,557,1,1,0,0,1,1,0,0,1,0,1,0,0,1.2607107656825836,0.09276311647760442
558,559,1,1,1,0,1,0,0,1,1,0,1,0,0,0.6407189711711159,0.8501116889066986
559,560,1,1,0,1,0,0,0,1,1,0,0,0,1,0.43405503966729336,-0.32704058659170626
561,562,0,0,0,1,0,0,0,1,0,1,0,0,1,0.7096069483390568,-0.5067657377048297
562,563,0,0,0,1,0,0,0,1,0,1,0,1,0,-0.11704877767623337,-0.4007898857795581
565,566,0,2,0,1,0,0,0,1,0,1,0,0,1,-0.3926006863479967,-0.19939756876657802
566,567,0,0,0,1,0,0,0,1,0,1,0,0,1,-0.7370405721877009,-0.5067657377048297
567,568,0,0,4,1,0,0,0,1,1,0,0,0,1,-0.04816080050829252,-0.257546054664692
569,570,1,0,0,1,0,0,0,1,0,1,0,0,1,0.15850313099553,-0.5075523968961668
570,571,1,0,0,1,0,0,0,1,0,1,0,1,0,2.225142446033755,-0.4575201159240595
571,572,1,2,0,0,1,0,0,1,1,0,1,0,0,1.6051506515222878,0.31739969978845817
572,573,1,0,0,0,1,0,0,1,0,1,1,0,0,0.43405503966729336,-0.15708627211713735
574,575,0,0,0,1,0,0,0,1,0,1,0,0,1,-0.9437045036915235,-0.5038498038754023
575,576,0,0,0,1,0,0,0,1,0,1,0,0,1,-0.7370405721877009,-0.3818798090647243
576,577,1,0,0,1,0,0,0,1,1,0,0,1,0,0.2962790853314117,-0.410244924136975
577,578,1,1,0,0,1,0,0,1,1,0,1,0,0,0.6407189711711159,0.4009973669293955
579,580,1,0,0,1,0,0,0,1,0,1,0,0,1,0.15850313099553,-0.5062135634647565
580,581,1,1,1,1,0,0,0,1,1,0,0,1,0,-0.3237127091800559,-0.0887736199848002
581,582,1,1,1,0,1,1,0,0,1,0,1,0,0,0.6407189711711159,1.4407357879641176
582,583,0,0,0,1,0,0,0,1,0,1,0,1,0,1.6740386286902287,-0.16441392684413544
583,584,0,0,0,0,1,1,0,0,0,1,1,0,0,0.43405503966729336,0.10269090675289215
585,586,1,0,2,0,1,0,0,1,1,0,1,0,0,-0.8059285493556418,0.8501116889066986
586,587,0,0,0,1,0,0,0,1,0,1,0,1,0,1.1918227885146426,-0.3724247707073074
587,588,1,1,1,0,1,1,0,0,0,1,1,0,0,2.087366491697874,0.8416021543850234
588,589,0,0,0,1,0,0,0,1,0,1,0,0,1,-0.5303766406838785,-0.5038498038754023
590,591,0,0,0,1,0,0,0,1,0,1,0,0,1,0.36516706249935255,-0.5213416248366236
591,592,1,1,0,0,1,1,0,0,1,0,1,0,0,1.5362626743543468,0.823953379787069
592,593,0,0,0,1,0,0,0,1,0,1,0,0,1,1.1918227885146426,-0.5189778652472694
594,595,0,1,0,1,0,0,0,1,0,1,0,1,0,0.5029430168352342,-0.16441392684413544
595,596,0,1,1,1,0,0,0,1,0,1,0,0,1,0.43405503966729336,-0.19939756876657802
597,598,0,0,0,1,0,0,0,1,0,1,0,0,1,1.3295987428505243,-0.6560759214298145
599,600,1,1,0,0,1,1,0,0,0,1,1,0,0,1.3295987428505243,0.42045961788430253
600,601,1,2,1,1,0,0,0,1,1,0,0,1,0,-0.3926006863479967,-0.14550385012930164
603,604,0,0,0,1,0,0,0,1,0,1,0,0,1,0.9851588570108202,-0.5038498038754023
604,605,1,0,0,1,0,1,0,0,0,1,1,0,0,0.36516706249935255,-0.15401338465097683
605,606,0,1,0,1,0,0,0,1,0,1,0,0,1,0.43405503966729336,-0.3620242285141488
606,607,0,0,0,1,0,0,0,1,0,1,0,0,1,0.020727176659648322,-0.5067657377048297
607,608,1,0,0,1,0,0,0,1,0,1,1,0,0,-0.1859367548441742,-0.0793185816273833
608,609,1,1,2,1,0,1,0,0,1,0,0,1,0,-0.5303766406838785,0.13018994031160347
609,610,1,0,0,0,1,0,0,1,1,0,1,0,0,0.7096069483390568,2.245911726420369
610,611,0,1,5,1,0,0,0,1,1,0,0,0,1,0.6407189711711159,-0.06466327217338712
614,615,0,0,0,1,0,0,0,1,0,1,0,0,1,0.36516706249935255,-0.5038498038754023
615,616,1,1,2,1,0,0,0,1,1,0,0,1,0,-0.3926006863479967,0.5730790650343832
616,617,0,1,1,1,0,0,0,1,0,1,0,0,1,0.2962790853314117,-0.38377081673620766
617,618,0,1,0,1,0,0,0,1,1,0,0,0,1,-0.25482473201211503,-0.35162368632099017
618,619,1,2,1,0,1,0,0,1,1,0,0,1,0,-1.7703602297068137,0.08141707044870411
619,620,0,0,0,1,0,0,0,1,0,1,0,1,0,-0.25482473201211503,-0.4575201159240595
620,621,0,1,0,1,0,1,0,0,0,1,0,0,1,-0.1859367548441742,-0.3827458905782637
621,622,1,1,0,0,1,0,0,1,0,1,1,0,0,0.8473829026749384,0.33772803225690456
622,623,1,1,1,1,0,1,0,0,0,1,0,0,1,-0.6681525950197601,-0.3583991668079151
623,624,0,0,0,1,0,0,0,1,0,1,0,0,1,-0.5992646178518193,-0.5075523968961668
624,625,0,0,0,1,0,0,0,1,0,1,0,0,1,-0.5992646178518193,-0.35162368632099017
625,626,0,0,0,0,1,0,0,1,0,1,1,0,0,2.1562544688658143,-0.04488711394501392
626,627,0,0,0,1,0,0,1,0,0,1,0,1,0,1.880702560194051,-0.4225364740016169
627,628,1,0,0,0,1,0,0,1,1,0,1,0,0,-0.5992646178518193,0.818121512128214
628,629,0,0,0,1,0,0,0,1,0,1,0,0,1,-0.25482473201211503,-0.5067657377048297
630,631,1,0,0,0,1,0,0,1,0,1,1,0,0,3.4651260350566906,-0.0887736199848002
631,632,0,0,0,1,0,0,0,1,0,1,0,0,1,1.4673746971864061,-0.5226804582680339
632,633,1,0,0,0,1,1,0,0,0,1,1,0,0,0.15850313099553,-0.0793185816273833
634,635,0,3,2,1,0,0,0,1,1,0,0,0,1,-1.4259203438671093,-0.12848478108595124
635,636,1,0,0,1,0,0,0,1,1,0,0,1,0,-0.11704877767623337,-0.410244924136975
636,637,0,0,0,1,0,0,0,1,0,1,0,0,1,0.15850313099553,-0.5062135634647565
637,638,0,1,1,1,0,0,0,1,0,1,0,1,0,0.08961515382758917,-0.159686407665427
638,639,0,0,5,1,0,0,0,1,1,0,0,0,1,0.7784949255069976,0.09441774819015235
640,641,0,0,0,1,0,0,0,1,0,1,0,0,1,-0.6681525950197601,-0.5075523968961668
641,642,1,0,0,0,1,1,0,0,1,0,1,0,0,-0.3926006863479967,0.6543923949081686
642,643,0,3,2,1,0,0,0,1,1,0,0,0,1,-1.9081361840426954,-0.12848478108595124
644,645,1,2,1,1,0,1,0,0,1,0,0,0,1,-1.9942461555026214,-0.29189999103253056
645,646,1,1,0,0,1,1,0,0,0,1,1,0,0,1.2607107656825836,0.794879136838012
646,647,0,0,0,1,0,0,0,1,0,1,0,0,1,-0.7370405721877009,-0.5067657377048297
647,648,1,0,0,0,1,1,0,0,0,1,1,0,0,1.8118145830261103,0.015231801946785766
649,650,1,0,0,1,0,0,0,1,1,0,0,0,1,-0.4614886635159376,-0.5133048422328192
651,652,1,0,1,1,0,0,0,1,1,0,0,1,0,-0.8059285493556418,-0.22114415698863688
652,653,0,0,0,1,0,0,0,1,0,1,0,0,1,-0.5992646178518193,-0.4966015714706066
654,655,0,0,0,1,0,0,1,0,1,0,0,0,1,-0.8059285493556418,-0.5284329036046863
655,656,0,2,0,1,0,0,0,1,0,1,0,1,0,-0.3926006863479967,0.7338147171104706
657,658,0,1,1,1,0,0,1,0,1,0,0,0,1,0.15850313099553,-0.3629697323498905
658,659,0,0,0,1,0,0,0,1,0,1,0,1,0,-0.4614886635159376,-0.410244924136975
659,660,0,0,2,0,1,1,0,0,0,1,1,0,0,1.949590537361992,1.4859630184429855
660,661,1,2,0,1,0,0,0,1,0,1,1,0,0,1.3984867200184652,1.8712558315077246
661,662,0,0,0,1,0,1,0,0,0,1,0,0,1,0.7096069483390568,-0.5194506171651402
662,663,0,0,0,0,1,0,0,1,0,1,1,0,0,1.1918227885146426,-0.17221433348900442
663,664,0,0,0,1,0,0,0,1,0,1,0,0,1,0.43405503966729336,-0.5143297683907633
664,665,1,1,0,1,0,0,0,1,0,1,0,0,1,-0.6681525950197601,-0.5062135634647565
665,666,0,2,0,1,0,0,0,1,0,1,0,1,0,0.15850313099553,0.7338147171104706
666,667,0,0,0,1,0,0,0,1,0,1,0,1,0,-0.3237127091800559,-0.410244924136975
668,669,0,0,0,1,0,0,0,1,0,1,0,0,1,0.9162708798428792,-0.5038498038754023
670,671,1,1,1,1,0,0,0,1,1,0,0,1,0,0.7096069483390568,0.08141707044870411
671,672,0,1,0,0,1,0,0,1,0,1,1,0,0,0.08961515382758917,0.32724806774154364
672,673,0,0,0,1,0,0,0,1,0,1,0,1,0,2.776246263377282,-0.4575201159240595
673,674,1,0,0,1,0,0,0,1,0,1,0,1,0,0.08961515382758917,-0.410244924136975
675,676,0,0,0,1,0,0,0,1,0,1,0,0,1,-0.8059285493556418,-0.5090500749719817
676,677,0,0,0,1,0,0,0,1,0,1,0,0,1,-0.3581566977640263,-0.5038498038754023
677,678,1,0,0,1,0,0,0,1,1,0,0,0,1,-0.8059285493556418,-0.4699686194254346
678,679,0,1,6,1,0,0,0,1,1,0,0,0,1,0.9162708798428792,0.2308066764958912
679,680,1,0,1,0,1,1,0,0,0,1,1,0,0,0.43405503966729336,9.03210855381962
681,682,1,0,0,0,1,1,0,0,0,1,1,0,0,-0.1859367548441742,0.794879136838012
682,683,0,0,0,1,0,0,0,1,0,1,0,0,1,-0.6681525950197601,-0.48163046373547264
683,684,0,5,2,1,0,0,0,1,0,1,0,0,1,-1.0814804580274051,0.2308066764958912
684,685,0,1,1,1,0,0,0,1,0,1,0,1,0,2.087366491697874,0.08141707044870411
685,686,0,1,2,1,0,1,0,0,0,1,0,1,0,-0.3237127091800559,0.13018994031160347
686,687,0,4,1,1,0,0,0,1,0,1,0,0,1,-1.0814804580274051,0.09441774819015235
687,688,0,0,0,1,0,0,0,1,0,1,0,0,1,-0.7370405721877009,-0.4637453131785828
688,689,0,0,0,1,0,0,0,1,0,1,0,0,1,-0.8059285493556418,-0.5086567453763131
689,690,1,0,1,0,1,0,0,1,1,0,1,0,0,-1.0125924808594644,3.340332416291376
690,691,1,1,0,0,1,0,0,1,0,1,1,0,0,0.08961515382758917,0.4217984513157127
691,692,1,0,1,1,0,1,0,0,1,0,0,0,1,-1.7703602297068137,-0.40236509516990376
693,694,0,0,0,1,0,1,0,0,0,1,0,0,1,-0.3237127091800559,-0.5194506171651402
694,695,0,0,0,1,0,0,0,1,0,1,1,0,0,2.087366491697874,-0.15401338465097683
695,696,0,0,0,1,0,0,0,1,0,1,0,1,0,1.5362626743543468,-0.4007898857795581
696,697,0,0,0,1,0,0,0,1,0,1,0,0,1,0.9851588570108202,-0.5038498038754023
698,699,0,1,1,0,1,1,0,0,0,1,1,0,0,1.3295987428505243,1.4407357879641176
699,700,0,0,0,0,1,0,0,1,0,1,0,0,1,0.8473829026749384,-0.5114138345613359
700,701,1,1,0,0,1,1,0,0,1,0,1,0,0,-0.8059285493556418,3.6464392831127483
701,702,1,0,0,0,1,0,0,1,0,1,1,0,0,0.36516706249935255,-0.1589772797886207
702,703,0,0,1,1,0,1,0,0,1,0,0,0,1,-0.8059285493556418,-0.3827458905782637
703,704,0,0,0,1,0,0,1,0,0,1,0,0,1,-0.3237127091800559,-0.5096797805265856
704,705,0,1,0,1,0,0,0,1,0,1,0,0,1,-0.25482473201211503,-0.5075523968961668
705,706,0,0,0,1,0,0,0,1,0,1,0,1,0,0.6407189711711159,-0.16441392684413544
706,707,1,0,0,1,0,0,0,1,1,0,0,1,0,1.054046834178761,-0.4007898857795581
707,708,1,0,0,0,1,0,0,1,0,1,1,0,0,0.8473829026749384,-0.1589772797886207
708,709,1,0,0,1,0,0,0,1,1,0,1,0,0,-0.5303766406838785,2.20974620470325
710,711,1,0,0,0,1,1,0,0,1,0,1,0,0,-0.3926006863479967,0.2800522982766614
712,713,1,1,0,0,1,0,0,1,0,1,1,0,0,1.2607107656825836,0.32724806774154364
713,714,0,0,0,1,0,0,0,1,0,1,0,0,1,-0.04816080050829252,-0.47674599092003106
714,715,0,0,0,1,0,0,0,1,0,1,0,1,0,1.5362626743543468,-0.410244924136975
715,716,0,0,0,0,1,0,0,1,0,1,0,0,1,-0.7370405721877009,-0.5114138345613359
716,717,1,0,0,0,1,1,0,0,1,0,1,0,0,0.571830994003175,3.6464392831127483
717,718,1,0,0,0,1,0,0,1,1,0,0,1,0,-0.1859367548441742,-0.4575201159240595
719,720,0,0,0,1,0,0,0,1,0,1,0,0,1,0.22739110816347086,-0.5090500749719817
720,721,1,0,1,1,0,0,0,1,1,0,0,1,0,-1.6325842753709319,-0.03204338984029876
721,722,0,1,0,1,0,0,0,1,0,1,0,0,1,-0.8748165265235827,-0.5226804582680339
722,723,0,0,0,1,0,0,0,1,0,1,0,1,0,0.2962790853314117,-0.410244924136975
723,724,0,0,0,1,0,0,0,1,0,1,0,1,0,1.3984867200184652,-0.410244924136975
724,725,1,1,0,0,1,0,0,1,0,1,1,0,0,-0.1859367548441742,0.34804915212786086
725,726,0,0,0,1,0,0,0,1,0,1,0,0,1,-0.6681525950197601,-0.49226738188756664
726,727,1,3,0,1,0,0,0,1,1,0,0,1,0,0.020727176659648322,-0.2589643104183045
728,729,0,1,0,1,0,0,0,1,0,1,0,1,0,-0.3237127091800559,-0.16441392684413544
729,730,0,1,0,1,0,0,0,1,1,0,0,0,1,-0.3237127091800559,-0.5062135634647565
730,731,1,0,0,0,1,0,0,1,1,0,1,0,0,-0.04816080050829252,3.340332416291376
731,732,0,0,0,1,0,1,0,0,0,1,0,0,1,-1.2881443895312277,-0.30080285514987426
733,734,0,0,0,1,0,0,0,1,0,1,0,1,0,-0.4614886635159376,-0.410244924136975
734,735,0,0,0,1,0,0,0,1,0,1,0,1,0,-0.4614886635159376,-0.410244924136975
735,736,0,0,0,1,0,0,0,1,0,1,0,0,1,-0.08260478909226295,-0.35162368632099017
736,737,0,1,3,1,0,0,0,1,1,0,0,0,1,1.2607107656825836,-0.006042034357402272
737,738,1,0,0,0,1,1,0,0,0,1,1,0,0,0.36516706249935255,9.03210855381962
741,742,0,1,0,0,1,0,0,1,0,1,1,0,0,0.43405503966729336,0.8349836275348314
742,743,1,2,2,0,1,1,0,0,1,0,1,0,0,-0.5992646178518193,4.305455456624707
743,744,0,1,0,1,0,0,0,1,0,1,0,0,1,-0.3926006863479967,-0.35162368632099017
744,745,1,0,0,1,0,0,0,1,0,1,0,0,1,0.08961515382758917,-0.5062135634647565
745,746,0,1,1,0,1,0,0,1,0,1,1,0,0,2.776246263377282,0.6865395253233861
746,747,0,1,1,1,0,0,0,1,0,1,0,0,1,-0.9437045036915235,-0.2731468679544299
747,748,1,0,0,1,0,0,0,1,1,0,0,1,0,0.020727176659648322,-0.410244924136975
748,749,0,1,0,0,1,0,0,1,0,1,1,0,0,-0.7370405721877009,0.34804915212786086
749,750,0,0,0,1,0,0,1,0,0,1,0,0,1,0.08961515382758917,-0.5095228268898525
750,751,1,1,1,1,0,0,0,1,1,0,0,1,0,-1.7703602297068137,-0.22114415698863688
751,752,1,0,1,0,1,0,0,1,0,1,0,0,1,-1.6325842753709319,-0.4201727144122627
752,753,0,0,0,1,0,0,0,1,0,1,0,0,1,0.22739110816347086,-0.47643019263889336
753,754,0,0,0,1,0,0,0,1,0,1,0,0,1,-0.4614886635159376,-0.5067657377048297
754,755,1,1,2,1,0,0,0,1,1,0,0,1,0,1.2607107656825836,0.5730790650343832
755,756,1,1,1,1,0,0,0,1,0,1,0,1,0,-1.9997571936760565,-0.3818798090647243
756,757,0,0,0,1,0,0,0,1,0,1,0,0,1,-0.11704877767623337,-0.5086567453763131
757,758,0,0,0,1,0,0,0,1,0,1,0,1,0,-0.8059285493556418,-0.4386100392092257
758,759,0,0,0,1,0,0,0,1,0,1,0,0,1,0.2962790853314117,-0.5038498038754023
759,760,1,0,0,0,1,0,0,1,1,0,1,0,0,0.22739110816347086,0.9796457144033102
761,762,0,0,0,1,0,0,0,1,0,1,0,0,1,0.7784949255069976,-0.5213416248366236
762,763,1,0,0,1,0,1,0,0,0,1,0,0,1,-0.6681525950197601,-0.519371194842938
763,764,1,1,2,0,1,0,0,1,1,0,1,0,0,0.43405503966729336,1.6131332843502428
764,765,0,0,0,1,0,0,0,1,0,1,0,0,1,-0.9437045036915235,-0.5090500749719817
765,766,1,1,0,0,1,0,0,1,1,0,1,0,0,1.4673746971864061,0.818121512128214
767,768,0,0,0,1,0,0,1,0,1,0,0,0,1,0.055171165243618744,-0.5095228268898525
769,770,0,0,0,1,0,0,0,1,0,1,0,0,1,0.15850313099553,-0.4979404049020168
770,771,0,0,0,1,0,0,0,1,0,1,0,0,1,-0.3926006863479967,-0.47643019263889336
771,772,0,0,0,1,0,0,0,1,0,1,0,0,1,1.2607107656825836,-0.5075523968961668
772,773,0,0,0,0,1,0,0,1,1,0,0,1,0,1.880702560194051,-0.4575201159240595
774,775,1,1,3,1,0,0,0,1,1,0,0,1,0,1.6740386286902287,-0.22114415698863688
775,776,0,0,0,1,0,0,0,1,0,1,0,0,1,-0.8059285493556418,-0.5095228268898525
777,778,1,0,0,1,0,0,0,1,1,0,0,0,1,-1.7014722525388728,-0.4201727144122627
779,780,1,0,1,0,1,0,0,1,1,0,1,0,0,0.9162708798428792,3.340332416291376
780,781,1,0,0,1,0,1,0,0,1,0,0,0,1,-1.150368435195346,-0.519371194842938
781,782,1,1,0,0,1,0,0,1,1,0,1,0,0,-0.8748165265235827,0.4217984513157127
782,783,0,0,0,0,1,0,0,1,0,1,1,0,0,-0.04816080050829252,-0.0887736199848002
784,785,0,0,0,1,0,0,0,1,0,1,0,0,1,-0.3237127091800559,-0.5227598805902361
785,786,0,0,0,1,0,0,0,1,0,1,0,0,1,-0.3237127091800559,-0.5189778652472694
786,787,1,0,0,1,0,0,0,1,1,0,0,0,1,-0.8059285493556418,-0.5143297683907633
787,788,0,4,1,1,0,0,1,0,0,1,0,0,1,-1.4948083210350502,-0.10531993711027979
788,789,1,1,2,1,0,0,0,1,0,1,0,0,1,-1.977024161210636,-0.2670010930221089
789,790,0,0,0,0,1,1,0,0,0,1,1,0,0,1.122934811346702,0.8416021543850234
791,792,0,0,0,1,0,0,0,1,0,1,0,1,0,-0.9437045036915235,-0.16441392684413544
794,795,0,0,0,1,0,0,0,1,0,1,0,0,1,-0.3237127091800559,-0.5067657377048297
795,796,0,0,0,1,0,0,0,1,0,1,0,1,0,0.6407189711711159,-0.410244924136975
796,797,1,0,0,0,1,0,0,1,1,0,1,0,0,1.3295987428505243,-0.16575276027554564
797,798,1,0,0,1,0,0,0,1,1,0,0,0,1,0.08961515382758917,-0.4918740522918981
798,799,0,0,0,1,0,1,0,0,0,1,0,0,1,0.020727176659648322,-0.519371194842938
799,800,0,1,1,1,0,0,0,1,1,0,0,0,1,0.020727176659648322,-0.19939756876657802
800,801,0,0,0,1,0,0,0,1,0,1,0,1,0,0.2962790853314117,-0.410244924136975
801,802,1,1,1,1,0,0,0,1,1,0,0,1,0,0.08961515382758917,-0.159686407665427
802,803,1,1,2,0,1,0,0,1,0,1,1,0,0,-1.2881443895312277,1.6131332843502428
803,804,1,0,1,1,0,1,0,0,0,1,0,0,1,-2.0169791879680417,-0.4950244710725894
804,805,1,0,0,1,0,0,0,1,0,1,0,0,1,-0.1859367548441742,-0.5241781363438487
805,806,0,0,0,1,0,0,0,1,0,1,0,0,1,0.08961515382758917,-0.5090500749719817
806,807,0,0,0,0,1,0,0,1,0,1,1,0,0,0.6407189711711159,-0.6560759214298145
807,808,0,0,0,1,0,0,0,1,1,0,0,0,1,-0.8059285493556418,-0.5090500749719817
808,809,0,0,0,1,0,0,0,1,0,1,0,1,0,0.6407189711711159,-0.410244924136975
809,810,1,1,0,0,1,0,0,1,1,0,1,0,0,0.22739110816347086,0.34804915212786086
810,811,0,0,0,1,0,0,0,1,0,1,0,0,1,-0.25482473201211503,-0.5069226913415629
811,812,0,0,0,1,0,0,0,1,0,1,0,0,1,0.6407189711711159,-0.19939756876657802
812,813,0,0,0,1,0,0,0,1,0,1,0,1,0,0.36516706249935255,-0.4575201159240595
813,814,0,4,2,1,0,0,0,1,1,0,0,0,1,-1.6325842753709319,-0.06466327217338712
814,815,0,0,0,1,0,0,0,1,0,1,0,0,1,0.055171165243618744,-0.5038498038754023
816,817,0,0,0,1,0,0,0,1,1,0,0,0,1,-0.4614886635159376,-0.5062135634647565
817,818,0,1,1,1,0,1,0,0,0,1,0,1,0,0.08961515382758917,0.04367633934123873
818,819,0,0,0,1,0,0,0,1,0,1,0,0,1,0.9162708798428792,-0.5341059266191365
819,820,0,3,2,1,0,0,0,1,0,1,0,0,1,-1.3570323666991686,-0.12848478108595124
820,821,1,1,1,0,1,0,0,1,1,0,1,0,0,1.5362626743543468,1.1120162514071468
821,822,1,0,0,1,0,0,0,1,0,1,0,0,1,-0.1859367548441742,-0.49226738188756664
822,823,0,0,0,1,0,0,0,1,0,1,1,0,0,0.571830994003175,-0.6560759214298145
823,824,1,0,1,0,1,0,0,1,1,0,0,0,1,-0.1859367548441742,-0.4201727144122627
824,825,0,4,1,1,0,0,0,1,0,1,0,0,1,-1.9081361840426954,0.09441774819015235
827,828,1,0,2,1,0,1,0,0,0,1,0,1,0,-1.977024161210636,0.04367633934123873
829,830,1,0,0,0,1,0,0,0,1,0,1,0,0,2.225142446033755,0.8567302157568903
830,831,1,1,0,1,0,1,0,0,1,0,0,0,1,-1.0125924808594644,-0.3827458905782637
831,832,1,1,1,1,0,0,0,1,0,1,0,1,0,-1.9887351173291863,-0.3015119830266806
833,834,0,0,0,1,0,0,0,1,0,1,0,0,1,-0.4614886635159376,-0.5075523968961668
834,835,0,0,0,1,0,0,0,1,0,1,0,0,1,-0.8059285493556418,-0.4991222846966939
835,836,1,1,1,0,1,1,0,0,1,0,1,0,0,0.6407189711711159,0.91645391104535
836,837,0,0,0,1,0,0,0,1,0,1,0,0,1,-0.5992646178518193,-0.49226738188756664
838,839,1,0,0,1,0,0,0,1,0,1,0,0,1,0.15850313099553,0.41226399063609354
840,841,0,0,0,1,0,0,0,1,0,1,0,0,1,-0.6681525950197601,-0.5062135634647565
841,842,0,0,0,1,0,0,0,1,0,1,0,1,0,-0.9437045036915235,-0.4575201159240595
842,843,1,0,0,1,0,1,0,0,1,0,1,0,0,0.020727176659648322,-0.06986354326996638
843,844,0,0,0,1,0,1,0,0,0,1,0,0,1,0.33072307391538214,-0.5343423025780719
844,845,0,0,0,1,0,0,0,1,0,1,0,0,1,-0.8748165265235827,-0.49226738188756664
845,846,0,0,0,1,0,0,0,1,0,1,0,0,1,0.8473829026749384,-0.5133048422328192
847,848,0,0,0,1,0,1,0,0,0,1,0,0,1,0.36516706249935255,-0.5067657377048297
848,849,0,0,1,1,0,0,0,1,0,1,0,1,0,-0.11704877767623337,-0.03204338984029876
850,851,0,4,2,1,0,0,0,1,0,1,0,0,1,-1.7703602297068137,-0.06466327217338712
851,852,0,0,0,1,0,0,0,1,0,1,0,0,1,3.0517981720490455,-0.5090500749719817
852,853,0,1,1,1,0,1,0,0,1,0,0,0,1,-1.4259203438671093,-0.36777667385080126
853,854,1,0,1,0,1,0,0,1,1,0,1,0,0,-0.9437045036915235,0.0889811011346376
854,855,0,1,0,1,0,0,0,1,1,0,0,1,0,0.9851588570108202,-0.16441392684413544
855,856,1,0,1,1,0,0,0,1,1,0,0,0,1,-0.8059285493556418,-0.4792667041461184
856,857,1,1,1,1,0,0,0,1,1,0,1,0,0,1.054046834178761,2.461566023291677
857,858,1,0,0,0,1,0,0,1,0,1,1,0,0,1.4673746971864061,-0.15401338465097683
858,859,1,0,3,1,0,1,0,0,1,0,0,0,1,-0.3926006863479967,-0.29189999103253056
860,861,0,2,0,1,0,0,0,1,0,1,0,0,1,0.7784949255069976,-0.3892868861139247
861,862,0,1,0,1,0,0,0,1,0,1,0,1,0,-0.5992646178518193,-0.4386100392092257
862,863,1,0,0,0,1,0,0,1,1,0,1,0,0,1.2607107656825836,-0.16575276027554564
864,865,0,0,0,1,0,0,0,1,0,1,0,1,0,-0.3926006863479967,-0.410244924136975
865,866,1,0,0,1,0,0,0,1,1,0,0,1,0,0.8473829026749384,-0.410244924136975
866,867,1,1,0,1,0,1,0,0,1,0,0,1,0,-0.1859367548441742,-0.39401440529263315
867,868,0,0,0,0,1,0,0,1,0,1,1,0,0,0.08961515382758917,0.2988035303470907
869,870,1,1,1,1,0,0,0,1,0,1,0,0,1,-1.7703602297068137,-0.4455443643405553
870,871,0,0,0,1,0,0,0,1,0,1,0,0,1,-0.25482473201211503,-0.5067657377048297
871,872,1,1,1,0,1,0,0,1,1,0,1,0,0,1.1918227885146426,0.33772803225690456
872,873,0,0,0,0,1,0,0,1,0,1,1,0,0,0.22739110816347086,-0.5615255378556455
873,874,0,0,0,1,0,0,0,1,0,1,0,0,1,1.1918227885146426,-0.48588523099631026
874,875,1,1,0,1,0,1,0,0,1,0,0,1,0,-0.11704877767623337,-0.20223408027380307
875,876,1,0,0,1,0,1,0,0,1,0,0,0,1,-1.0125924808594644,-0.5194506171651402
876,877,0,0,0,1,0,0,0,1,0,1,0,0,1,-0.6681525950197601,-0.4698910881109038
877,878,0,0,0,1,0,0,0,1,0,1,0,0,1,-0.7370405721877009,-0.5067657377048297
879,880,1,0,1,0,1,1,0,0,1,0,1,0,0,1.8118145830261103,0.91645391104535
880,881,1,0,1,1,0,0,0,1,1,0,0,1,0,-0.3237127091800559,-0.16441392684413544
881,882,0,0,0,1,0,0,0,1,0,1,0,0,1,0.22739110816347086,-0.5067657377048297
882,883,0,0,0,1,0,0,0,1,1,0,0,0,1,-0.5303766406838785,-0.4572043176429218
883,884,0,0,0,1,0,0,0,1,0,1,0,1,0,-0.11704877767623337,-0.4575201159240595
884,885,0,0,0,1,0,0,0,1,0,1,0,0,1,-0.3237127091800559,-0.5227598805902361
885,886,0,0,5,1,0,0,1,0,1,0,0,0,1,0.6407189711711159,-0.10531993711027979
886,887,0,0,0,1,0,0,0,1,0,1,0,1,0,-0.1859367548441742,-0.410244924136975
887,888,1,0,0,0,1,0,0,1,1,0,1,0,0,-0.7370405721877009,-0.0887736199848002
889,890,1,0,0,0,1,1,0,0,0,1,1,0,0,-0.25482473201211503,-0.0887736199848002
890,891,0,0,0,1,0,0,1,0,0,1,0,0,1,0.15850313099553,-0.5095228268898525
